location_name,cd_ufr,category,sub_category,mode_entree,type_visite,Number of stays,Percentage
096191 : PBR SSR ADULTE (UF),96191,REHABILITATION,,0-TRSF-MCO-INT-APHP,I,27,0.00116
096191 : PBR SSR ADULTE (UF),96191,REHABILITATION,,0-TRSF-MCO-INT,I,19,0.00082
096191 : PBR SSR ADULTE (UF),96191,REHABILITATION,,1-DIRECT,I,5,0.00022
096191 : PBR SSR ADULTE (UF),96191,REHABILITATION,,0-TRSF-SSR-INT,I,3,0.00013
096191 : PBR SSR ADULTE (UF),96191,REHABILITATION,,0-TRSF-SSR-INT-APHP,I,1,0.00004
095052 : AVC UF MED PHYS.READAPT. (UF),95052,REHABILITATION,,0-TRSF-MCO-INT,I,3,0.00013
095052 : AVC UF MED PHYS.READAPT. (UF),95052,REHABILITATION,,0-TRSF-SSR-INT,I,2,0.00009
095052 : AVC UF MED PHYS.READAPT. (UF),95052,REHABILITATION,,1-DIRECT,I,2,0.00009
087092 : TNN ORTHOG ET PLANN FAMI (UF),87092,REHABILITATION,,1-DIRECT,I,1,0.00004
084002 : SSL SSR ADULTES,84002,REHABILITATION,,0-TRSF-MCO-INT-APHP,I,2,0.00009
084002 : SSL SSR ADULTES,84002,REHABILITATION,,0-TRSF-SSR-INT,I,1,0.00004
084002 : SSL SSR ADULTES,84002,REHABILITATION,,1-DIRECT,I,1,0.00004
076200 : SLS GESTION POLE HOR (date de fin = 17/02/2020),76200,ONCOLOGY,,1-DIRECT,I,28,0.00121
076200 : SLS GESTION POLE HOR (date de fin = 17/02/2020),76200,ONCOLOGY,,2-URG,I,8,0.00034
076200 : SLS GESTION POLE HOR (date de fin = 17/02/2020),76200,ONCOLOGY,,0-TRSF-MCO-INT-APHP,I,1,0.00004
073343 : SAT UPUMI (UF) (date de fin = 01/01/2020),73343,INTERNAL MEDICINE,,1-DIRECT,I,9,0.00039
072370 : RTH SSR POLYVALENT (UF) (date de fin = 01/01/2020),72370,REHABILITATION,,0-TRSF-MCO-INT-APHP,I,13,0.00056
072370 : RTH SSR POLYVALENT (UF) (date de fin = 01/01/2020),72370,REHABILITATION,,0-TRSF-SSR-INT-APHP,I,4,0.00017
072370 : RTH SSR POLYVALENT (UF) (date de fin = 01/01/2020),72370,REHABILITATION,,1-DIRECT,I,2,0.00009
072029 : RTH REED NEURO PR ROBAIN,72029,REHABILITATION,,0-TRSF-MCO-INT-APHP,I,12,0.00052
072029 : RTH REED NEURO PR ROBAIN,72029,REHABILITATION,,0-TRSF-SSR-INT-APHP,I,1,0.00004
072029 : RTH REED NEURO PR ROBAIN,72029,REHABILITATION,,3-TRSF-MCO-EXT-APHP,I,1,0.00004
069073 : RMB ADDICTOLOGIE SSR (UF) (date de fin = 01/01/2020),69073,REHABILITATION,,3-TRSF-MCO-EXT-APHP,I,1,0.00004
069073 : RMB ADDICTOLOGIE SSR (UF) (date de fin = 01/01/2020),69073,REHABILITATION,,0-TRSF-MCO-INT,I,1,0.00004
069073 : RMB ADDICTOLOGIE SSR (UF) (date de fin = 01/01/2020),69073,REHABILITATION,,0-TRSF-MCO-INT-APHP,I,1,0.00004
069073 : RMB ADDICTOLOGIE SSR (UF) (date de fin = 01/01/2020),69073,REHABILITATION,,1-DIRECT,I,1,0.00004
068216 : RPC RACHIS (UF),68216,REHABILITATION,,1-DIRECT,I,2,0.00009
068216 : RPC RACHIS (UF),68216,REHABILITATION,,0-TRSF-MCO-INT-APHP,I,1,0.00004
068150 : RPC MPR PATHO MEDULLAIRE (UF),68150,REHABILITATION,,1-DIRECT,I,23,0.00099
068150 : RPC MPR PATHO MEDULLAIRE (UF),68150,REHABILITATION,,0-TRSF-MCO-INT,I,4,0.00017
068150 : RPC MPR PATHO MEDULLAIRE (UF),68150,REHABILITATION,,0-TRSF-SSR-INT,I,2,0.00009
068150 : RPC MPR PATHO MEDULLAIRE (UF),68150,REHABILITATION,,0-TRSF-MCO-INT-APHP,I,2,0.00009
068150 : RPC MPR PATHO MEDULLAIRE (UF),68150,REHABILITATION,,0-TRSF-SSR-INT-APHP,I,1,0.00004
068150 : RPC MPR PATHO MEDULLAIRE (UF),68150,REHABILITATION,,3-TRSF-SSR-EXT-APHP,I,1,0.00004
068102 : RPC MPR PATHO CEREBRALE (UF),68102,REHABILITATION,,1-DIRECT,I,26,0.00112
068102 : RPC MPR PATHO CEREBRALE (UF),68102,REHABILITATION,,0-TRSF-REA-INT-APHP,I,13,0.00056
068102 : RPC MPR PATHO CEREBRALE (UF),68102,REHABILITATION,,0-TRSF-MCO-INT-APHP,I,2,0.00009
068102 : RPC MPR PATHO CEREBRALE (UF),68102,REHABILITATION,,0-TRSF-MCO-INT,I,2,0.00009
068102 : RPC MPR PATHO CEREBRALE (UF),68102,REHABILITATION,,3-TRSF-MCO-EXT-APHP,I,1,0.00004
068102 : RPC MPR PATHO CEREBRALE (UF),68102,REHABILITATION,,0-TRSF-SSR-INT-APHP,I,1,0.00004
066527 : PSL SSR (date de fin = 01/01/2020),66527,REHABILITATION,,0-TRSF-MCO-INT,I,9,0.00039
066527 : PSL SSR (date de fin = 01/01/2020),66527,REHABILITATION,,0-TRSF-SSR-INT,I,2,0.00009
066476 : PSL BIOSTATISTIQUES (UF),66476,REHABILITATION,,1-DIRECT,I,2,0.00009
066428 : PSL SSR NEURORESPIRATOIR (UF) (date de fin = 01/01/2020),66428,REHABILITATION,,0-TRSF-MCO-INT,I,3,0.00013
066369 : PSL IMMUNOCHIM AUTO-IMMU (UF) (date de fin = 01/01/2020),66369,REHABILITATION,,1-CONS-HOP,I,1,0.00004
066358 : PSL CYTO GENET HEMA (UF) (date de fin = 01/01/2020),66358,REHABILITATION,,1-DIRECT,I,1,0.00004
066305 : PSL EMASP (UF) (date de fin = 01/01/2020),66305,OTHER,,1-DIRECT,I,13,0.00056
066305 : PSL EMASP (UF) (date de fin = 01/01/2020),66305,OTHER,,2-URG,I,3,0.00013
066305 : PSL EMASP (UF) (date de fin = 01/01/2020),66305,OTHER,,0-TRSF-MCO-INT-APHP,I,1,0.00004
066223 : PSL HC ENDOC METAB-IE3M (date de fin = 01/01/2020),66223,GASTROENTEROLOGY,,1-DIRECT,I,1,0.00004
066213 : PSL COORD PRELEV ORGANES (UF) (date de fin = 01/01/2020),66213,NEUROLOGY,,1-DIRECT,I,2,0.00009
066037 : PSL HOSP PATHO CEREBRALE (date de fin = 01/01/2020),66037,NEUROLOGY,,0-TRSF-MCO-INT,I,4,0.00017
066037 : PSL HOSP PATHO CEREBRALE (date de fin = 01/01/2020),66037,NEUROLOGY,,0-TRSF-MCO-INT-APHP,I,2,0.00009
064002 : VPD SOINS SUITE GERI. HC,64002,REHABILITATION,,0-TRSF-MCO-INT,I,21,0.00091
064002 : VPD SOINS SUITE GERI. HC,64002,REHABILITATION,,3-TRSF-MCO-EXT-APHP,I,8,0.00034
064002 : VPD SOINS SUITE GERI. HC,64002,REHABILITATION,,3-TRSF-SSR-EXT-APHP,I,1,0.00004
064002 : VPD SOINS SUITE GERI. HC,64002,REHABILITATION,,0-TRSF-SSR-INT,I,1,0.00004
064002 : VPD SOINS SUITE GERI. HC,64002,REHABILITATION,,0-TRSF-SSR-INT-APHP,I,1,0.00004
064002 : VPD SOINS SUITE GERI. HC,64002,REHABILITATION,,1-DIRECT,I,1,0.00004
061130 : NCK HJ CMD (UF) (date de fin = 01/01/2020),61130,PEDIATRICS,,1-DIRECT,I,18,0.00078
061130 : NCK HJ CMD (UF) (date de fin = 01/01/2020),61130,PEDIATRICS,,2-URG,I,2,0.00009
061130 : NCK HJ CMD (UF) (date de fin = 01/01/2020),61130,PEDIATRICS,,1-CONS-HOP,I,1,0.00004
047585 : LRB STERILISATION,47585,OTHER,,1-DIRECT,I,13,0.00056
047585 : LRB STERILISATION,47585,OTHER,,2-URG,I,13,0.00056
047585 : LRB STERILISATION,47585,OTHER,,0-TRSF-MCO-INT-APHP,I,1,0.00004
047451 : LRB C.E.I.P. (UF),47451,INTERNAL MEDICINE,,2-URG,I,25,0.00108
047451 : LRB C.E.I.P. (UF),47451,INTERNAL MEDICINE,,1-DIRECT,I,8,0.00034
047451 : LRB C.E.I.P. (UF),47451,INTERNAL MEDICINE,,0-TRSF-MCO-INT,I,1,0.00004
047373 : LRB MPR (date de fin = 01/01/2020),47373,REHABILITATION,,0-TRSF-MCO-INT,I,7,0.0003
047373 : LRB MPR (date de fin = 01/01/2020),47373,REHABILITATION,,0-TRSF-MCO-INT-APHP,I,2,0.00009
047373 : LRB MPR (date de fin = 01/01/2020),47373,REHABILITATION,,0-TRSF-SSR-INT-APHP,I,2,0.00009
047373 : LRB MPR (date de fin = 01/01/2020),47373,REHABILITATION,,0-TRSF-SSR-INT,I,2,0.00009
047373 : LRB MPR (date de fin = 01/01/2020),47373,REHABILITATION,,1-DIRECT,I,1,0.00004
047212 : LRB BIOPHY MED NUCL (date de fin = 01/01/2020),47212,OTHER,,1-DIRECT,I,34,0.00147
047212 : LRB BIOPHY MED NUCL (date de fin = 01/01/2020),47212,OTHER,,2-URG,I,14,0.0006
047212 : LRB BIOPHY MED NUCL (date de fin = 01/01/2020),47212,OTHER,,3-TRSF-MCO-EXT-APHP,I,2,0.00009
047212 : LRB BIOPHY MED NUCL (date de fin = 01/01/2020),47212,OTHER,,0-TRSF-MCO-INT-APHP,I,1,0.00004
047212 : LRB BIOPHY MED NUCL (date de fin = 01/01/2020),47212,OTHER,,1-CONS-HOP,I,1,0.00004
038004 : HND AFFECT.SYST.DIGESTIF (UF),38004,GASTROENTEROLOGY,,1-DIRECT,I,1,0.00004
029130 : ERX ADDICTOLOGIE SSR ERX (UF),29130,REHABILITATION,,0-TRSF-MCO-INT,I,3,0.00013
029130 : ERX ADDICTOLOGIE SSR ERX (UF),29130,REHABILITATION,,0-TRSF-MCO-INT-APHP,I,1,0.00004
026451 : HMN INTERSECT DE PSY HMN,26451,OTHER,,1-DIRECT,I,1,0.00004
026073 : HMN PSY SECTORISEE,26073,OTHER,,1-DIRECT,I,5,0.00022
026073 : HMN PSY SECTORISEE,26073,OTHER,,0-TRSF-MCO-INT,I,5,0.00022
026073 : HMN PSY SECTORISEE,26073,OTHER,,3-TRSF-MCO-EXT-APHP,I,2,0.00009
026073 : HMN PSY SECTORISEE,26073,OTHER,,0-TRSF-MCO-INT-APHP,I,1,0.00004
026072 : HMN NEUROREEDUCATION SSR (UF),26072,REHABILITATION,,0-TRSF-MCO-INT,I,9,0.00039
026072 : HMN NEUROREEDUCATION SSR (UF),26072,REHABILITATION,,1-DIRECT,I,2,0.00009
026072 : HMN NEUROREEDUCATION SSR (UF),26072,REHABILITATION,,0-TRSF-SSR-INT,I,1,0.00004
026068 : HMN HEP-GAST-ENT-AC,26068,GASTROENTEROLOGY,,0-TRSF-MCO-INT,I,20,0.00086
026068 : HMN HEP-GAST-ENT-AC,26068,GASTROENTEROLOGY,,0-TRSF-MCO-INT-APHP,I,15,0.00065
026068 : HMN HEP-GAST-ENT-AC,26068,GASTROENTEROLOGY,,1-DIRECT,I,9,0.00039
026068 : HMN HEP-GAST-ENT-AC,26068,GASTROENTEROLOGY,,3-TRSF-MCO-EXT-APHP,I,4,0.00017
026068 : HMN HEP-GAST-ENT-AC,26068,GASTROENTEROLOGY,,0-TRSF-SSR-INT-APHP,I,2,0.00009
026068 : HMN HEP-GAST-ENT-AC,26068,GASTROENTEROLOGY,,0-TRSF-SSR-INT,I,1,0.00004
021145 : CCH URGENCES GYNECO (date de fin = 01/01/2020),21145,EMERGENCY,,2-URG,I,4,0.00017
021043 : CCH PHARMACIE COCHIN (date de fin = 01/01/2020),21043,OTHER,,1-DIRECT,I,1,0.00004
011572 : BCH SSR PNEUMOLOGIE (UF),11572,REHABILITATION,,0-TRSF-MCO-INT,I,9,0.00039
011101 : BCH SSR MEDECINE INTERNE (UF),11101,REHABILITATION,,0-TRSF-MCO-INT,I,14,0.0006
011101 : BCH SSR MEDECINE INTERNE (UF),11101,REHABILITATION,,1-DIRECT,I,2,0.00009
011101 : BCH SSR MEDECINE INTERNE (UF),11101,REHABILITATION,,0-TRSF-SSR-INT,I,1,0.00004
010302 : BCT SURV CONT MED (UF),10302,INTENSIVE CARE,,1-DIRECT,I,6,0.00026
010302 : BCT SURV CONT MED (UF),10302,INTENSIVE CARE,,3-TRSF-MCO-EXT-APHP,I,3,0.00013
010302 : BCT SURV CONT MED (UF),10302,INTENSIVE CARE,,2-URG,I,2,0.00009
010119 : BCT SSR NEUROLOGIE-CHIR (UF),10119,REHABILITATION,,0-TRSF-MCO-INT,I,20,0.00086
010119 : BCT SSR NEUROLOGIE-CHIR (UF),10119,REHABILITATION,,1-DIRECT,I,2,0.00009
010119 : BCT SSR NEUROLOGIE-CHIR (UF),10119,REHABILITATION,,0-TRSF-SSR-INT,I,1,0.00004
010119 : BCT SSR NEUROLOGIE-CHIR (UF),10119,REHABILITATION,,0-TRSF-SSR-INT-APHP,I,1,0.00004
010012 : BCT U.S.R. (UF) (date de fin = 01/01/2020),10012,REHABILITATION,,1-DIRECT,I,2,0.00009
010012 : BCT U.S.R. (UF) (date de fin = 01/01/2020),10012,REHABILITATION,,0-TRSF-MCO-INT-APHP,I,1,0.00004
009100 : BRK MED PHYS READAP (date de fin = 01/01/2020),9100,REHABILITATION,,3-TRSF-SSR-EXT-APHP,I,3,0.00013
009100 : BRK MED PHYS READAP (date de fin = 01/01/2020),9100,REHABILITATION,,3-TRSF-MCO-EXT-APHP,I,1,0.00004
009100 : BRK MED PHYS READAP (date de fin = 01/01/2020),9100,REHABILITATION,,1-DIRECT,I,1,0.00004
009100 : BRK MED PHYS READAP (date de fin = 01/01/2020),9100,REHABILITATION,,0-TRSF-SSR-INT-APHP,I,1,0.00004
005338 : BJN UF RADIO PHARMA (UF) (date de fin = 01/01/2020),5338,OTHER,,1-DIRECT,I,3,0.00013
005338 : BJN UF RADIO PHARMA (UF) (date de fin = 01/01/2020),5338,OTHER,,0-TRSF-MCO-INT-APHP,I,1,0.00004
005338 : BJN UF RADIO PHARMA (UF) (date de fin = 01/01/2020),5338,OTHER,,2-URG,I,1,0.00004
,47516,NOT SPECIFIED,NOT SPECIFIED,2-URG,I,111,0.00478
,47353,NOT SPECIFIED,NOT SPECIFIED,2-URG,I,72,0.0031
,87273,NOT SPECIFIED,NOT SPECIFIED,2-URG,I,58,0.0025
,76374,NOT SPECIFIED,NOT SPECIFIED,2-URG,I,53,0.00228
,5648,NOT SPECIFIED,NOT SPECIFIED,2-URG,I,38,0.00164
,76202,NOT SPECIFIED,NOT SPECIFIED,2-URG,I,36,0.00155
,47353,NOT SPECIFIED,NOT SPECIFIED,1-DIRECT,I,34,0.00147
,76228,NOT SPECIFIED,NOT SPECIFIED,1-DIRECT,I,33,0.00142
,76651,NOT SPECIFIED,NOT SPECIFIED,1-DIRECT,I,31,0.00134
,87531,NOT SPECIFIED,NOT SPECIFIED,1-DIRECT,I,30,0.00129
,76880,NOT SPECIFIED,NOT SPECIFIED,1-DIRECT,I,24,0.00103
,47568,NOT SPECIFIED,NOT SPECIFIED,2-URG,I,22,0.00095
,76223,NOT SPECIFIED,NOT SPECIFIED,1-DIRECT,I,20,0.00086
,5578,NOT SPECIFIED,NOT SPECIFIED,1-DIRECT,I,20,0.00086
,76228,NOT SPECIFIED,NOT SPECIFIED,2-URG,I,20,0.00086
,76548,NOT SPECIFIED,NOT SPECIFIED,1-DIRECT,I,19,0.00082
,76626,NOT SPECIFIED,NOT SPECIFIED,1-DIRECT,I,19,0.00082
,47421,NOT SPECIFIED,NOT SPECIFIED,2-URG,I,18,0.00078
,47594,NOT SPECIFIED,NOT SPECIFIED,2-URG,I,18,0.00078
,76651,NOT SPECIFIED,NOT SPECIFIED,2-URG,I,15,0.00065
,5245,NOT SPECIFIED,NOT SPECIFIED,1-DIRECT,I,14,0.0006
,76202,NOT SPECIFIED,NOT SPECIFIED,1-DIRECT,I,14,0.0006
,76548,NOT SPECIFIED,NOT SPECIFIED,2-URG,I,14,0.0006
,87320,NOT SPECIFIED,NOT SPECIFIED,2-URG,I,14,0.0006
,47421,NOT SPECIFIED,NOT SPECIFIED,1-DIRECT,I,13,0.00056
,76173,NOT SPECIFIED,NOT SPECIFIED,1-DIRECT,I,13,0.00056
,47345,NOT SPECIFIED,NOT SPECIFIED,2-URG,I,12,0.00052
,28538,NOT SPECIFIED,NOT SPECIFIED,1-DIRECT,I,11,0.00047
,76510,NOT SPECIFIED,NOT SPECIFIED,1-DIRECT,I,11,0.00047
,47499,NOT SPECIFIED,NOT SPECIFIED,1-DIRECT,I,10,0.00043
,76289,NOT SPECIFIED,NOT SPECIFIED,1-DIRECT,I,10,0.00043
,76150,NOT SPECIFIED,NOT SPECIFIED,1-DIRECT,I,10,0.00043
,53365,NOT SPECIFIED,NOT SPECIFIED,1-DIRECT,I,10,0.00043
,47497,NOT SPECIFIED,NOT SPECIFIED,1-DIRECT,I,10,0.00043
,76880,NOT SPECIFIED,NOT SPECIFIED,2-URG,I,10,0.00043
,47345,NOT SPECIFIED,NOT SPECIFIED,1-DIRECT,I,8,0.00034
,76651,NOT SPECIFIED,NOT SPECIFIED,3-TRSF-MCO-EXT-APHP,I,8,0.00034
,66168,NOT SPECIFIED,NOT SPECIFIED,1-DIRECT,I,8,0.00034
,66418,NOT SPECIFIED,NOT SPECIFIED,1-DIRECT,I,8,0.00034
,11342,NOT SPECIFIED,NOT SPECIFIED,1-DIRECT,I,8,0.00034
,47424,NOT SPECIFIED,NOT SPECIFIED,2-URG,I,7,0.0003
,66282,NOT SPECIFIED,NOT SPECIFIED,1-DIRECT,I,7,0.0003
,53365,NOT SPECIFIED,NOT SPECIFIED,2-URG,I,7,0.0003
,5618,NOT SPECIFIED,NOT SPECIFIED,1-DIRECT,I,7,0.0003
,76614,NOT SPECIFIED,NOT SPECIFIED,1-DIRECT,I,7,0.0003
,47439,NOT SPECIFIED,NOT SPECIFIED,1-DIRECT,I,7,0.0003
,47899,NOT SPECIFIED,NOT SPECIFIED,2-URG,I,6,0.00026
,66193,NOT SPECIFIED,NOT SPECIFIED,1-DIRECT,I,6,0.00026
,47497,NOT SPECIFIED,NOT SPECIFIED,2-URG,I,6,0.00026
,47568,NOT SPECIFIED,NOT SPECIFIED,1-DIRECT,I,6,0.00026
,76651,NOT SPECIFIED,NOT SPECIFIED,0-TRSF-MCO-INT-APHP,I,5,0.00022
,5372,NOT SPECIFIED,NOT SPECIFIED,2-URG,I,5,0.00022
,76465,NOT SPECIFIED,NOT SPECIFIED,1-DIRECT,I,5,0.00022
,47221,NOT SPECIFIED,NOT SPECIFIED,2-URG,I,5,0.00022
,47592,NOT SPECIFIED,NOT SPECIFIED,2-URG,I,5,0.00022
,47519,NOT SPECIFIED,NOT SPECIFIED,2-URG,I,5,0.00022
,76511,NOT SPECIFIED,NOT SPECIFIED,1-DIRECT,I,5,0.00022
,47594,NOT SPECIFIED,NOT SPECIFIED,1-DIRECT,I,5,0.00022
,76120,NOT SPECIFIED,NOT SPECIFIED,1-DIRECT,I,5,0.00022
,47499,NOT SPECIFIED,NOT SPECIFIED,2-URG,I,5,0.00022
,76626,NOT SPECIFIED,NOT SPECIFIED,3-TRSF-MCO-EXT-APHP,I,4,0.00017
,76223,NOT SPECIFIED,NOT SPECIFIED,2-URG,I,4,0.00017
,11342,NOT SPECIFIED,NOT SPECIFIED,2-URG,I,4,0.00017
,66172,NOT SPECIFIED,NOT SPECIFIED,1-DIRECT,I,4,0.00017
,76228,NOT SPECIFIED,NOT SPECIFIED,0-TRSF-MCO-INT-APHP,I,4,0.00017
,76173,NOT SPECIFIED,NOT SPECIFIED,2-URG,I,4,0.00017
,76140,NOT SPECIFIED,NOT SPECIFIED,0-TRSF-MCO-INT-APHP,I,4,0.00017
,76626,NOT SPECIFIED,NOT SPECIFIED,0-TRSF-MCO-INT-APHP,I,4,0.00017
,66418,NOT SPECIFIED,NOT SPECIFIED,2-URG,I,4,0.00017
,5351,NOT SPECIFIED,NOT SPECIFIED,1-DIRECT,I,4,0.00017
,5320,NOT SPECIFIED,NOT SPECIFIED,1-DIRECT,I,4,0.00017
,66282,NOT SPECIFIED,NOT SPECIFIED,2-URG,I,4,0.00017
,47076,NOT SPECIFIED,NOT SPECIFIED,2-URG,I,4,0.00017
,76626,NOT SPECIFIED,NOT SPECIFIED,2-URG,I,4,0.00017
,47589,NOT SPECIFIED,NOT SPECIFIED,1-DIRECT,I,3,0.00013
,76440,NOT SPECIFIED,NOT SPECIFIED,1-DIRECT,I,3,0.00013
,5351,NOT SPECIFIED,NOT SPECIFIED,3-TRSF-MCO-EXT-APHP,I,3,0.00013
,47076,NOT SPECIFIED,NOT SPECIFIED,1-DIRECT,I,3,0.00013
,76548,NOT SPECIFIED,NOT SPECIFIED,0-TRSF-MCO-INT-APHP,I,3,0.00013
,76228,NOT SPECIFIED,NOT SPECIFIED,3-TRSF-MCO-EXT-APHP,I,3,0.00013
,47620,NOT SPECIFIED,NOT SPECIFIED,2-URG,I,3,0.00013
,47567,NOT SPECIFIED,NOT SPECIFIED,2-URG,I,3,0.00013
,5245,NOT SPECIFIED,NOT SPECIFIED,2-URG,I,3,0.00013
,47345,NOT SPECIFIED,NOT SPECIFIED,0-TRSF-MCO-INT-APHP,I,3,0.00013
,47439,NOT SPECIFIED,NOT SPECIFIED,2-URG,I,3,0.00013
,66446,NOT SPECIFIED,NOT SPECIFIED,1-DIRECT,I,3,0.00013
,47519,NOT SPECIFIED,NOT SPECIFIED,1-DIRECT,I,3,0.00013
,76202,NOT SPECIFIED,NOT SPECIFIED,3-TRSF-SSR-EXT-APHP,I,2,0.00009
,47592,NOT SPECIFIED,NOT SPECIFIED,1-DIRECT,I,2,0.00009
,87296,NOT SPECIFIED,NOT SPECIFIED,1-DIRECT,I,2,0.00009
,66495,NOT SPECIFIED,NOT SPECIFIED,1-DIRECT,I,2,0.00009
,47592,NOT SPECIFIED,NOT SPECIFIED,0-TRSF-MCO-INT-APHP,I,2,0.00009
,47142,NOT SPECIFIED,NOT SPECIFIED,1-DIRECT,I,2,0.00009
,76130,NOT SPECIFIED,NOT SPECIFIED,1-DIRECT,I,2,0.00009
,66282,NOT SPECIFIED,NOT SPECIFIED,0-TRSF-MCO-INT-APHP,I,2,0.00009
,47438,NOT SPECIFIED,NOT SPECIFIED,1-DIRECT,I,2,0.00009
,47424,NOT SPECIFIED,NOT SPECIFIED,0-TRSF-MCO-INT-APHP,I,2,0.00009
,47589,NOT SPECIFIED,NOT SPECIFIED,2-URG,I,2,0.00009
,66293,NOT SPECIFIED,NOT SPECIFIED,2-URG,I,2,0.00009
,76510,NOT SPECIFIED,NOT SPECIFIED,2-URG,I,2,0.00009
,76202,NOT SPECIFIED,NOT SPECIFIED,3-TRSF-MCO-EXT-APHP,I,2,0.00009
,76130,NOT SPECIFIED,NOT SPECIFIED,0-TRSF-MCO-INT-APHP,I,2,0.00009
,76461,NOT SPECIFIED,NOT SPECIFIED,2-URG,I,2,0.00009
,5332,NOT SPECIFIED,NOT SPECIFIED,2-URG,I,2,0.00009
,76140,NOT SPECIFIED,NOT SPECIFIED,1-DIRECT,I,2,0.00009
,66436,NOT SPECIFIED,NOT SPECIFIED,1-DIRECT,I,2,0.00009
,66242,NOT SPECIFIED,NOT SPECIFIED,2-URG,I,2,0.00009
,76202,NOT SPECIFIED,NOT SPECIFIED,0-TRSF-MCO-INT-APHP,I,2,0.00009
,47493,NOT SPECIFIED,NOT SPECIFIED,1-DIRECT,I,2,0.00009
,5618,NOT SPECIFIED,NOT SPECIFIED,3-TRSF-MCO-EXT-APHP,I,2,0.00009
,47221,NOT SPECIFIED,NOT SPECIFIED,1-DIRECT,I,2,0.00009
,76479,NOT SPECIFIED,NOT SPECIFIED,1-DIRECT,I,2,0.00009
,76289,NOT SPECIFIED,NOT SPECIFIED,2-URG,I,2,0.00009
,76223,NOT SPECIFIED,NOT SPECIFIED,0-TRSF-MCO-INT-APHP,I,2,0.00009
,76276,NOT SPECIFIED,NOT SPECIFIED,1-DIRECT,I,2,0.00009
,66172,NOT SPECIFIED,NOT SPECIFIED,2-URG,I,2,0.00009
,76880,NOT SPECIFIED,NOT SPECIFIED,3-TRSF-MCO-EXT-APHP,I,2,0.00009
,11342,NOT SPECIFIED,NOT SPECIFIED,1-CONS-HOP,I,2,0.00009
,28538,NOT SPECIFIED,NOT SPECIFIED,2-URG,I,2,0.00009
,47594,NOT SPECIFIED,NOT SPECIFIED,3-TRSF-MCO-EXT-APHP,I,1,0.00004
,53365,NOT SPECIFIED,NOT SPECIFIED,1-CONS-HOP,I,1,0.00004
,76633,NOT SPECIFIED,NOT SPECIFIED,1-CONS-HOP,I,1,0.00004
,76614,NOT SPECIFIED,NOT SPECIFIED,3-TRSF-MCO-EXT-APHP,I,1,0.00004
,66278,NOT SPECIFIED,NOT SPECIFIED,2-URG,I,1,0.00004
,66293,NOT SPECIFIED,NOT SPECIFIED,1-CONS-HOP,I,1,0.00004
,5372,NOT SPECIFIED,NOT SPECIFIED,0-TRSF-MCO-INT-APHP,I,1,0.00004
,76150,NOT SPECIFIED,NOT SPECIFIED,2-URG,I,1,0.00004
,53365,NOT SPECIFIED,NOT SPECIFIED,0-TRSF-MCO-INT-APHP,I,1,0.00004
,47493,NOT SPECIFIED,NOT SPECIFIED,0-TRSF-MCO-INT,I,1,0.00004
,47345,NOT SPECIFIED,NOT SPECIFIED,1-CONS-HOP,I,1,0.00004
,76112,NOT SPECIFIED,NOT SPECIFIED,0-TRSF-MCO-INT-APHP,I,1,0.00004
,47424,NOT SPECIFIED,NOT SPECIFIED,0-TRSF-SSR-INT,I,1,0.00004
,66282,NOT SPECIFIED,NOT SPECIFIED,0-TRSF-SLD-INT-APHP,I,1,0.00004
,47424,NOT SPECIFIED,NOT SPECIFIED,1-DIRECT,I,1,0.00004
,76651,NOT SPECIFIED,NOT SPECIFIED,0-TRSF-REA-INT-APHP,I,1,0.00004
,76614,NOT SPECIFIED,NOT SPECIFIED,1-CONS-HOP,I,1,0.00004
,5648,NOT SPECIFIED,NOT SPECIFIED,1-DIRECT,I,1,0.00004
,47493,NOT SPECIFIED,NOT SPECIFIED,3-TRSF-MCO-EXT-APHP,I,1,0.00004
,76614,NOT SPECIFIED,NOT SPECIFIED,2-URG,I,1,0.00004
,5275,NOT SPECIFIED,NOT SPECIFIED,3-TRSF-MCO-EXT-APHP,I,1,0.00004
,87531,NOT SPECIFIED,NOT SPECIFIED,1-CONS-HOP,I,1,0.00004
,47353,NOT SPECIFIED,NOT SPECIFIED,1-CONS-HOP,I,1,0.00004
,66378,NOT SPECIFIED,NOT SPECIFIED,2-URG,I,1,0.00004
,28538,NOT SPECIFIED,NOT SPECIFIED,3-TRSF-MCO-EXT-APHP,I,1,0.00004
,76140,NOT SPECIFIED,NOT SPECIFIED,3-TRSF-MCO-EXT-APHP,I,1,0.00004
,47493,NOT SPECIFIED,NOT SPECIFIED,2-URG,I,1,0.00004
,5351,NOT SPECIFIED,NOT SPECIFIED,2-URG,I,1,0.00004
,47568,NOT SPECIFIED,NOT SPECIFIED,0-TRSF-MCO-INT-APHP,I,1,0.00004
,47107,NOT SPECIFIED,NOT SPECIFIED,1-DIRECT,I,1,0.00004
,11277,NOT SPECIFIED,NOT SPECIFIED,2-URG,I,1,0.00004
,47221,NOT SPECIFIED,NOT SPECIFIED,0-TRSF-MCO-INT-APHP,I,1,0.00004
,76173,NOT SPECIFIED,NOT SPECIFIED,0-TRSF-SSR-INT-APHP,I,1,0.00004
,47421,NOT SPECIFIED,NOT SPECIFIED,0-TRSF-MCO-INT-APHP,I,1,0.00004
,47620,NOT SPECIFIED,NOT SPECIFIED,1-DIRECT,I,1,0.00004
,47519,NOT SPECIFIED,NOT SPECIFIED,1-CONS-HOP,I,1,0.00004
,5245,NOT SPECIFIED,NOT SPECIFIED,,I,1,0.00004
,5332,NOT SPECIFIED,NOT SPECIFIED,1-DIRECT,I,1,0.00004
,73360,NOT SPECIFIED,NOT SPECIFIED,0-TRSF-MCO-INT-APHP,I,1,0.00004
,76112,NOT SPECIFIED,NOT SPECIFIED,1-DIRECT,I,1,0.00004
,76120,NOT SPECIFIED,NOT SPECIFIED,2-URG,I,1,0.00004
,76173,NOT SPECIFIED,NOT SPECIFIED,0-TRSF-MCO-INT-APHP,I,1,0.00004
,76140,NOT SPECIFIED,NOT SPECIFIED,2-URG,I,1,0.00004
,66282,NOT SPECIFIED,NOT SPECIFIED,0-TRSF-SSR-INT,I,1,0.00004
,47345,NOT SPECIFIED,NOT SPECIFIED,0-TRSF-SSR-INT-APHP,I,1,0.00004
,76548,NOT SPECIFIED,NOT SPECIFIED,3-TRSF-MCO-EXT-APHP,I,1,0.00004
,76440,NOT SPECIFIED,NOT SPECIFIED,2-URG,I,1,0.00004
,76651,NOT SPECIFIED,NOT SPECIFIED,3-TRSF-SSR-EXT-APHP,I,1,0.00004
,66138,NOT SPECIFIED,NOT SPECIFIED,1-DIRECT,I,1,0.00004
,47353,NOT SPECIFIED,NOT SPECIFIED,3-TRSF-MCO-EXT-APHP,I,1,0.00004
,76202,NOT SPECIFIED,NOT SPECIFIED,1-CONS-HOP,I,1,0.00004
,47899,NOT SPECIFIED,NOT SPECIFIED,0-TRSF-SSR-INT,I,1,0.00004
,76150,NOT SPECIFIED,NOT SPECIFIED,3-TRSF-MCO-EXT-APHP,I,1,0.00004
,66293,NOT SPECIFIED,NOT SPECIFIED,1-DIRECT,I,1,0.00004
,66242,NOT SPECIFIED,NOT SPECIFIED,1-DIRECT,I,1,0.00004
,5245,NOT SPECIFIED,NOT SPECIFIED,0-TRSF-MCO-INT-APHP,I,1,0.00004
,76112,NOT SPECIFIED,NOT SPECIFIED,2-URG,I,1,0.00004
,76626,NOT SPECIFIED,NOT SPECIFIED,3-TRSF-SSR-EXT-APHP,I,1,0.00004
,76465,NOT SPECIFIED,NOT SPECIFIED,0-TRSF-MCO-INT-APHP,I,1,0.00004
,47497,NOT SPECIFIED,NOT SPECIFIED,0-TRSF-MCO-INT-APHP,I,1,0.00004
,95139,NOT SPECIFIED,NOT SPECIFIED,3-TRSF-MCO-EXT-APHP,I,1,0.00004
,95139,NOT SPECIFIED,NOT SPECIFIED,2-URG,I,1,0.00004
,66160,NOT SPECIFIED,NOT SPECIFIED,1-DIRECT,I,1,0.00004
,66242,NOT SPECIFIED,NOT SPECIFIED,0-TRSF-PSY-INT,I,1,0.00004
,47353,NOT SPECIFIED,NOT SPECIFIED,0-TRSF-MCO-INT-APHP,I,1,0.00004
,66493,NOT SPECIFIED,NOT SPECIFIED,1-DIRECT,I,1,0.00004
,28537,NOT SPECIFIED,NOT SPECIFIED,1-DIRECT,I,1,0.00004
,47493,NOT SPECIFIED,NOT SPECIFIED,0-TRSF-MCO-INT-APHP,I,1,0.00004
,66245,NOT SPECIFIED,NOT SPECIFIED,1-DIRECT,I,1,0.00004
,76510,NOT SPECIFIED,NOT SPECIFIED,0-TRSF-MCO-INT-APHP,I,1,0.00004
,76465,NOT SPECIFIED,NOT SPECIFIED,2-URG,I,1,0.00004
,66436,NOT SPECIFIED,NOT SPECIFIED,3-TRSF-MCO-EXT-APHP,I,1,0.00004
,79226,NOT SPECIFIED,NOT SPECIFIED,0-TRSF-MCO-INT-APHP,I,1,0.00004
,5372,NOT SPECIFIED,NOT SPECIFIED,3-TRSF-MCO-EXT-APHP,I,1,0.00004
,5245,NOT SPECIFIED,NOT SPECIFIED,3-TRSF-MCO-EXT-APHP,I,1,0.00004
,73296,NOT SPECIFIED,NOT SPECIFIED,1-DIRECT,I,1,0.00004
,76130,NOT SPECIFIED,NOT SPECIFIED,3-TRSF-SSR-EXT-APHP,I,1,0.00004
,66160,NOT SPECIFIED,NOT SPECIFIED,0-TRSF-MCO-INT-APHP,I,1,0.00004
,76633,NOT SPECIFIED,NOT SPECIFIED,2-URG,I,1,0.00004
,47076,NOT SPECIFIED,NOT SPECIFIED,1-CONS-HOP,I,1,0.00004
